200;Medio;X;D;1;1001;1;0;0;0;0;0;34;1;0;0;0;0;0;0;0;0;0;0;0;0;30
200;Medio;X;D;2;1002;1;0;0;0;0;0;31;2;0;0;0;0;0;0;0;0;0;0;0;0;30
200;Medio;X;D;3;1003;1;0;0;0;0;0;31;3;0;0;0;0;0;0;0;0;0;0;0;0;30
200;Medio;X;D;4;1004;1;0;0;0;0;0;31;4;0;0;0;0;0;0;0;0;0;0;0;0;30
200;Medio;X;D;5;1005;1;0;0;0;0;0;31;5;0;0;0;0;0;0;0;0;0;0;0;0;30
200;Medio;X;D;6;1006;1;0;0;0;0;0;30;6;0;0;0;0;0;0;0;0;0;0;0;0;30
200;Medio;X;D;7;1007;1;0;0;0;0;0;29;7;0;0;0;0;0;0;0;0;0;0;0;0;30
200;Medio;X;D;8;1008;5;0;0;0;0;0;29;8;0;0;0;0;0;0;0;0;0;0;0;0;30
200;Medio;X;D;9;1009;1;0;0;0;0;0;29;9;0;0;0;0;0;0;0;0;0;0;0;0;30
200;Medio;X;D;10;1010;1;0;0;0;0;0;28;10;0;0;0;0;0;0;0;0;0;0;0;0;30
200;Medio;X;D;11;1011;1;0;0;0;0;0;28;11;0;0;0;0;0;0;0;0;0;0;0;0;30
200;Medio;X;D;12;1012;1;0;0;0;0;0;28;12;0;0;0;0;0;0;0;0;0;0;0;0;30
200;Medio;X;D;13;1013;9;0;0;0;0;0;28;13;0;0;0;0;0;0;0;0;0;0;0;0;30
200;Medio;X;D;14;1014;4;0;0;0;0;0;27;14;0;0;0;0;0;0;0;0;0;0;0;0;30
200;Medio;X;D;15;1015;1;0;0;0;0;0;27;15;0;0;0;0;0;0;0;0;0;0;0;0;30
200;Medio;X;D;16;1016;1;0;0;0;0;0;27;16;0;0;0;0;0;0;0;0;0;0;0;0;30
200;Medio;X;D;17;1017;1;0;0;0;0;0;26;17;0;0;0;0;0;0;0;0;0;0;0;0;30
200;Medio;X;D;18;1018;1;0;0;0;0;0;26;18;0;0;0;0;0;0;0;0;0;0;0;0;30
200;Medio;X;D;19;1019;1;0;0;0;0;0;26;19;0;0;0;0;0;0;0;0;0;0;0;0;30
200;Medio;X;D;20;1020;5;0;0;0;0;0;26;20;0;0;0;0;0;0;0;0;0;0;0;0;30
200;Medio;X;D;21;1021;1;0;0;0;0;0;26;21;0;0;0;0;0;0;0;0;0;0;0;0;30
200;Medio;X;D;22;1022;1;0;0;0;0;0;25;22;0;0;0;0;0;0;0;0;0;0;0;0;30
200;Medio;X;D;23;1023;9;0;0;0;0;0;25;23;0;0;0;0;0;0;0;0;0;0;0;0;30
200;Medio;X;D;24;1024;1;0;0;0;0;0;25;24;0;0;0;0;0;0;0;0;0;0;0;0;30
200;Medio;X;D;25;1025;3;0;0;0;0;0;25;25;0;0;0;0;0;0;0;0;0;0;0;0;30
200;Medio;X;D;26;1026;1;0;0;0;0;0;25;26;0;0;0;0;0;0;0;0;0;0;0;0;30
200;Medio;X;D;27;1027;1;0;0;0;0;0;25;27;0;0;0;0;0;0;0;0;0;0;0;0;30
200;Medio;X;D;28;1028;1;0;0;0;0;0;25;28;0;0;0;0;0;0;0;0;0;0;0;0;30
200;Medio;X;D;29;1029;1;0;0;0;0;0;25;29;0;0;0;0;0;0;0;0;0;0;0;0;30
200;Medio;X;D;30;1030;1;0;0;0;0;0;25;30;0;0;0;0;0;0;0;0;0;0;0;0;30
200;Medio;X;D;31;1031;1;0;0;0;0;0;25;31;0;0;0;0;0;0;0;0;0;0;0;0;30
200;Medio;X;D;32;1032;1;0;0;0;0;0;25;32;0;0;0;0;0;0;0;0;0;0;0;0;30
200;Medio;X;D;33;1033;1;0;0;0;0;0;25;33;0;0;0;0;0;0;0;0;0;0;0;0;30
200;Medio;X;D;34;1034;1;0;0;0;0;0;25;34;0;0;0;0;0;0;0;0;0;0;0;0;30
200;Medio;X;D;35;1035;1;0;0;0;0;0;25;35;0;0;0;0;0;0;0;0;0;0;0;0;30
200;Medio;X;D;36;1036;1;0;0;0;0;0;24;36;0;0;0;0;0;0;0;0;0;0;0;0;30
200;Medio;X;D;37;1037;1;0;0;0;0;0;24;37;0;0;0;0;0;0;0;0;0;0;0;0;30
200;Medio;X;D;38;1038;9;0;0;0;0;0;24;38;0;0;0;0;0;0;0;0;0;0;0;0;30
200;Medio;X;D;39;1039;1;0;0;0;0;0;24;39;0;0;0;0;0;0;0;0;0;0;0;0;30
200;Medio;X;D;40;1040;1;0;0;0;0;0;24;40;0;0;0;0;0;0;0;0;0;0;0;0;30
200;Medio;X;D;41;1041;1;0;0;0;0;0;24;41;0;0;0;0;0;0;0;0;0;0;0;0;30
200;Medio;X;D;42;1042;1;0;0;0;0;0;24;42;0;0;0;0;0;0;0;0;0;0;0;0;30
200;Medio;X;D;43;1043;1;0;0;0;0;0;23;43;0;0;0;0;0;0;0;0;0;0;0;0;30
200;Medio;X;D;44;1044;1;0;0;0;0;0;23;44;0;0;0;0;0;0;0;0;0;0;0;0;30
200;Medio;X;D;45;1045;1;0;0;0;0;0;23;45;0;0;0;0;0;0;0;0;0;0;0;0;30
200;Medio;X;D;46;1046;1;0;0;0;0;0;23;46;0;0;0;0;0;0;0;0;0;0;0;0;30
200;Medio;X;D;47;1047;1;0;0;0;0;0;23;47;0;0;0;0;0;0;0;0;0;0;0;0;30
200;Medio;X;D;48;1048;1;0;0;0;0;0;23;48;0;0;0;0;0;0;0;0;0;0;0;0;30
200;Medio;X;D;49;1049;1;0;0;0;0;0;23;49;0;0;0;0;0;0;0;0;0;0;0;0;30
200;Medio;X;D;50;1050;1;0;0;0;0;0;23;50;0;0;0;0;0;0;0;0;0;0;0;0;30
200;Medio;X;D;51;1051;1;0;0;0;0;0;23;51;0;0;0;0;0;0;0;0;0;0;0;0;30
200;Medio;X;D;52;1052;5;0;0;0;0;0;23;52;0;0;0;0;0;0;0;0;0;0;0;0;30
200;Medio;X;D;53;1053;1;0;0;0;0;0;23;53;0;0;0;0;0;0;0;0;0;0;0;0;30
200;Medio;X;D;54;1054;1;0;0;0;0;0;23;54;0;0;0;0;0;0;0;0;0;0;0;0;30
200;Medio;X;D;55;1055;5;0;0;0;0;0;23;55;0;0;0;0;0;0;0;0;0;0;0;0;30
200;Medio;X;D;56;1056;1;0;0;0;0;0;23;56;0;0;0;0;0;0;0;0;0;0;0;0;30
200;Medio;X;D;57;1057;1;0;0;0;0;0;23;57;0;0;0;0;0;0;0;0;0;0;0;0;30
200;Medio;X;D;58;1058;1;0;0;0;0;0;23;58;0;0;0;0;0;0;0;0;0;0;0;0;30
200;Medio;X;D;59;1059;1;0;0;0;0;0;22;59;0;0;0;0;0;0;0;0;0;0;0;0;30
200;Medio;X;D;60;1060;9;0;0;0;0;0;22;60;0;0;0;0;0;0;0;0;0;0;0;0;30
200;Medio;X;D;61;1061;1;0;0;0;0;0;22;61;0;0;0;0;0;0;0;0;0;0;0;0;30
200;Medio;X;D;62;1062;9;0;0;0;0;0;22;62;0;0;0;0;0;0;0;0;0;0;0;0;30
200;Medio;X;D;63;1063;1;0;0;0;0;0;22;63;0;0;0;0;0;0;0;0;0;0;0;0;30
200;Medio;X;D;64;1064;1;0;0;0;0;0;22;64;0;0;0;0;0;0;0;0;0;0;0;0;30
200;Medio;X;D;65;1065;1;0;0;0;0;0;22;65;0;0;0;0;0;0;0;0;0;0;0;0;30
200;Medio;X;D;66;1066;5;0;0;0;0;0;22;66;0;0;0;0;0;0;0;0;0;0;0;0;30
200;Medio;X;D;67;1067;1;0;0;0;0;0;22;67;0;0;0;0;0;0;0;0;0;0;0;0;30
200;Medio;X;D;68;1068;1;0;0;0;0;0;22;68;0;0;0;0;0;0;0;0;0;0;0;0;30
200;Medio;X;D;69;1069;1;0;0;0;0;0;22;69;0;0;0;0;0;0;0;0;0;0;0;0;30
200;Medio;X;D;70;1070;1;0;0;0;0;0;22;70;0;0;0;0;0;0;0;0;0;0;0;0;30
200;Medio;X;D;71;1071;3;0;0;0;0;0;22;71;0;0;0;0;0;0;0;0;0;0;0;0;30
200;Medio;X;D;72;1072;1;0;0;0;0;0;22;72;0;0;0;0;0;0;0;0;0;0;0;0;30
200;Medio;X;D;73;1073;1;0;0;0;0;0;22;73;0;0;0;0;0;0;0;0;0;0;0;0;30
200;Medio;X;D;74;1074;9;0;0;0;0;0;21;74;0;0;0;0;0;0;0;0;0;0;0;0;30
200;Medio;X;D;75;1075;1;0;0;0;0;0;21;75;0;0;0;0;0;0;0;0;0;0;0;0;30
200;Medio;X;D;76;1076;1;0;0;0;0;0;21;76;0;0;0;0;0;0;0;0;0;0;0;0;30
200;Medio;X;D;77;1077;1;0;0;0;0;0;21;77;0;0;0;0;0;0;0;0;0;0;0;0;30
200;Medio;X;D;78;1078;1;0;0;0;0;0;21;78;0;0;0;0;0;0;0;0;0;0;0;0;30
200;Medio;X;D;79;1079;5;0;0;0;0;0;21;79;0;0;0;0;0;0;0;0;0;0;0;0;30
200;Medio;X;D;80;1080;1;0;0;0;0;0;21;80;0;0;0;0;0;0;0;0;0;0;0;0;30
200;Medio;X;D;81;1081;1;0;0;0;0;0;21;81;0;0;0;0;0;0;0;0;0;0;0;0;30
200;Medio;X;D;82;1082;1;0;0;0;0;0;21;82;0;0;0;0;0;0;0;0;0;0;0;0;30
200;Medio;X;D;83;1083;1;0;0;0;0;0;21;83;0;0;0;0;0;0;0;0;0;0;0;0;30
200;Medio;X;D;84;1084;1;0;0;0;0;0;21;84;0;0;0;0;0;0;0;0;0;0;0;0;30
200;Medio;X;D;85;1085;1;0;0;0;0;0;21;85;0;0;0;0;0;0;0;0;0;0;0;0;30
200;Medio;X;D;86;1086;1;0;0;0;0;0;21;86;0;0;0;0;0;0;0;0;0;0;0;0;30
200;Medio;X;D;87;1087;1;0;0;0;0;0;21;87;0;0;0;0;0;0;0;0;0;0;0;0;30
200;Medio;X;D;88;1088;1;0;0;0;0;0;21;88;0;0;0;0;0;0;0;0;0;0;0;0;30
200;Medio;X;D;89;1089;1;0;0;0;0;0;21;89;0;0;0;0;0;0;0;0;0;0;0;0;30
200;Medio;X;D;90;1090;5;0;0;0;0;0;21;90;0;0;0;0;0;0;0;0;0;0;0;0;30
200;Medio;X;D;91;1091;1;0;0;0;0;0;21;91;0;0;0;0;0;0;0;0;0;0;0;0;30
200;Medio;X;D;92;1092;1;0;0;0;0;0;20;92;0;0;0;0;0;0;0;0;0;0;0;0;30
200;Medio;X;D;93;1093;1;0;0;0;0;0;20;93;0;0;0;0;0;0;0;0;0;0;0;0;30
200;Medio;X;D;94;1094;1;0;0;0;0;0;20;94;0;0;0;0;0;0;0;0;0;0;0;0;30
200;Medio;X;D;95;1095;5;0;0;0;0;0;20;95;0;0;0;0;0;0;0;0;0;0;0;0;30
200;Medio;X;D;96;1096;1;0;0;0;0;0;20;96;0;0;0;0;0;0;0;0;0;0;0;0;30
200;Medio;X;D;97;1097;5;0;0;0;0;0;20;97;0;0;0;0;0;0;0;0;0;0;0;0;30
200;Medio;X;D;98;1098;1;0;0;0;0;0;20;98;0;0;0;0;0;0;0;0;0;0;0;0;30
200;Medio;X;D;99;1099;1;0;0;0;0;0;20;99;0;0;0;0;0;0;0;0;0;0;0;0;30
200;Medio;X;D;100;1100;1;0;0;0;0;0;20;100;0;0;0;0;0;0;0;0;0;0;0;0;30
200;Medio;X;D;101;1101;9;0;0;0;0;0;20;101;0;0;0;0;0;0;0;0;0;0;0;0;30
200;Medio;X;D;102;1102;1;0;0;0;0;0;20;102;0;0;0;0;0;0;0;0;0;0;0;0;30
200;Medio;X;D;103;1103;1;0;0;0;0;0;20;103;0;0;0;0;0;0;0;0;0;0;0;0;30
200;Medio;X;D;104;1104;5;0;0;0;0;0;20;104;0;0;0;0;0;0;0;0;0;0;0;0;30
200;Medio;X;D;105;1105;1;0;0;0;0;0;20;105;0;0;0;0;0;0;0;0;0;0;0;0;30
200;Medio;X;D;106;1106;5;0;0;0;0;0;20;106;0;0;0;0;0;0;0;0;0;0;0;0;30
200;Medio;X;D;107;1107;1;0;0;0;0;0;20;107;0;0;0;0;0;0;0;0;0;0;0;0;30
200;Medio;X;D;108;1108;1;0;0;0;0;0;20;108;0;0;0;0;0;0;0;0;0;0;0;0;30
200;Medio;X;D;109;1109;9;0;0;0;0;0;20;109;0;0;0;0;0;0;0;0;0;0;0;0;30
200;Medio;X;D;110;1110;1;0;0;0;0;0;20;110;0;0;0;0;0;0;0;0;0;0;0;0;30
200;Medio;X;D;111;1111;7;0;0;0;0;0;20;111;0;0;0;0;0;0;0;0;0;0;0;0;30
200;Medio;X;D;112;1112;1;0;0;0;0;0;20;112;0;0;0;0;0;0;0;0;0;0;0;0;30
200;Medio;X;D;113;1113;5;0;0;0;0;0;20;113;0;0;0;0;0;0;0;0;0;0;0;0;30
200;Medio;X;D;114;1114;1;0;0;0;0;0;20;114;0;0;0;0;0;0;0;0;0;0;0;0;30
200;Medio;X;D;115;1115;1;0;0;0;0;0;20;115;0;0;0;0;0;0;0;0;0;0;0;0;30
200;Medio;X;D;116;1116;1;0;0;0;0;0;20;116;0;0;0;0;0;0;0;0;0;0;0;0;30
200;Medio;X;D;117;1117;1;0;0;0;0;0;20;117;0;0;0;0;0;0;0;0;0;0;0;0;30
200;Medio;X;D;118;1118;1;0;0;0;0;0;20;118;0;0;0;0;0;0;0;0;0;0;0;0;30
200;Medio;X;D;119;1119;1;0;0;0;0;0;20;119;0;0;0;0;0;0;0;0;0;0;0;0;30
200;Medio;X;D;120;1120;1;0;0;0;0;0;20;120;0;0;0;0;0;0;0;0;0;0;0;0;30
200;Medio;X;D;121;1121;7;0;0;0;0;0;20;121;0;0;0;0;0;0;0;0;0;0;0;0;30
200;Medio;X;D;122;1122;1;0;0;0;0;0;20;122;0;0;0;0;0;0;0;0;0;0;0;0;30
200;Medio;X;D;123;1123;5;0;0;0;0;0;19;123;0;0;0;0;0;0;0;0;0;0;0;0;30
200;Medio;X;D;124;1124;1;0;0;0;0;0;19;124;0;0;0;0;0;0;0;0;0;0;0;0;30
200;Medio;X;D;125;1125;5;0;0;0;0;0;19;125;0;0;0;0;0;0;0;0;0;0;0;0;30
200;Medio;X;D;126;1126;1;0;0;0;0;0;19;126;0;0;0;0;0;0;0;0;0;0;0;0;30
200;Medio;X;D;127;1127;1;0;0;0;0;0;19;127;0;0;0;0;0;0;0;0;0;0;0;0;30
200;Medio;X;D;128;1128;5;0;0;0;0;0;19;128;0;0;0;0;0;0;0;0;0;0;0;0;30
200;Medio;X;D;129;1129;9;0;0;0;0;0;19;129;0;0;0;0;0;0;0;0;0;0;0;0;30
200;Medio;X;D;130;1130;1;0;0;0;0;0;19;130;0;0;0;0;0;0;0;0;0;0;0;0;30
200;Medio;X;D;131;1131;1;0;0;0;0;0;19;131;0;0;0;0;0;0;0;0;0;0;0;0;30
200;Medio;X;D;132;1132;1;0;0;0;0;0;19;132;0;0;0;0;0;0;0;0;0;0;0;0;30
200;Medio;X;D;133;1133;1;0;0;0;0;0;19;133;0;0;0;0;0;0;0;0;0;0;0;0;30
200;Medio;X;D;134;1134;5;0;0;0;0;0;19;134;0;0;0;0;0;0;0;0;0;0;0;0;30
200;Medio;X;D;135;1135;1;0;0;0;0;0;19;135;0;0;0;0;0;0;0;0;0;0;0;0;30
200;Medio;X;D;136;1136;1;0;0;0;0;0;19;136;0;0;0;0;0;0;0;0;0;0;0;0;30
200;Medio;X;D;137;1137;5;0;0;0;0;0;19;137;0;0;0;0;0;0;0;0;0;0;0;0;30
200;Medio;X;D;138;1138;1;0;0;0;0;0;19;138;0;0;0;0;0;0;0;0;0;0;0;0;30
200;Medio;X;D;139;1139;3;0;0;0;0;0;19;139;0;0;0;0;0;0;0;0;0;0;0;0;30
200;Medio;X;D;140;1140;9;0;0;0;0;0;19;140;0;0;0;0;0;0;0;0;0;0;0;0;30
200;Medio;X;D;141;1141;1;0;0;0;0;0;19;141;0;0;0;0;0;0;0;0;0;0;0;0;30
200;Medio;X;D;142;1142;1;0;0;0;0;0;19;142;0;0;0;0;0;0;0;0;0;0;0;0;30
200;Medio;X;D;143;1143;3;0;0;0;0;0;19;143;0;0;0;0;0;0;0;0;0;0;0;0;30
200;Medio;X;D;144;1144;9;0;0;0;0;0;19;144;0;0;0;0;0;0;0;0;0;0;0;0;30
200;Medio;X;D;145;1145;3;0;0;0;0;0;19;145;0;0;0;0;0;0;0;0;0;0;0;0;30
200;Medio;X;D;146;1146;1;0;0;0;0;0;19;146;0;0;0;0;0;0;0;0;0;0;0;0;30
200;Medio;X;D;147;1147;1;0;0;0;0;0;19;147;0;0;0;0;0;0;0;0;0;0;0;0;30
200;Medio;X;D;148;1148;3;0;0;0;0;0;18;148;0;0;0;0;0;0;0;0;0;0;0;0;30
200;Medio;X;D;149;1149;1;0;0;0;0;0;18;149;0;0;0;0;0;0;0;0;0;0;0;0;30
200;Medio;X;D;150;1150;9;0;0;0;0;0;18;150;0;0;0;0;0;0;0;0;0;0;0;0;30
200;Medio;X;D;151;1151;1;0;0;0;0;0;18;151;0;0;0;0;0;0;0;0;0;0;0;0;30
200;Medio;X;D;152;1152;3;0;0;0;0;0;18;152;0;0;0;0;0;0;0;0;0;0;0;0;30
200;Medio;X;D;153;1153;1;0;0;0;0;0;18;153;0;0;0;0;0;0;0;0;0;0;0;0;30
200;Medio;X;D;154;1154;3;0;0;0;0;0;18;154;0;0;0;0;0;0;0;0;0;0;0;0;30
200;Medio;X;D;155;1155;5;0;0;0;0;0;18;155;0;0;0;0;0;0;0;0;0;0;0;0;30
200;Medio;X;D;156;1156;1;0;0;0;0;0;18;156;0;0;0;0;0;0;0;0;0;0;0;0;30
200;Medio;X;D;157;1157;1;0;0;0;0;0;18;157;0;0;0;0;0;0;0;0;0;0;0;0;30
200;Medio;X;D;158;1158;9;0;0;0;0;0;18;158;0;0;0;0;0;0;0;0;0;0;0;0;30
200;Medio;X;D;159;1159;1;0;0;0;0;0;18;159;0;0;0;0;0;0;0;0;0;0;0;0;30
200;Medio;X;D;160;1160;4;0;0;0;0;0;18;160;0;0;0;0;0;0;0;0;0;0;0;0;30
200;Medio;X;D;161;1161;1;0;0;0;0;0;18;161;0;0;0;0;0;0;0;0;0;0;0;0;30
200;Medio;X;D;162;1162;1;0;0;0;0;0;18;162;0;0;0;0;0;0;0;0;0;0;0;0;30
200;Medio;X;D;163;1163;1;0;0;0;0;0;18;163;0;0;0;0;0;0;0;0;0;0;0;0;30
200;Medio;X;D;164;1164;3;0;0;0;0;0;18;164;0;0;0;0;0;0;0;0;0;0;0;0;30
200;Medio;X;D;165;1165;9;0;0;0;0;0;18;165;0;0;0;0;0;0;0;0;0;0;0;0;30
200;Medio;X;D;166;1166;1;0;0;0;0;0;18;166;0;0;0;0;0;0;0;0;0;0;0;0;30
200;Medio;X;D;167;1167;1;0;0;0;0;0;18;167;0;0;0;0;0;0;0;0;0;0;0;0;30
200;Medio;X;D;168;1168;1;0;0;0;0;0;18;168;0;0;0;0;0;0;0;0;0;0;0;0;30
200;Medio;X;D;169;1169;1;0;0;0;0;0;18;169;0;0;0;0;0;0;0;0;0;0;0;0;30
200;Medio;X;D;170;1170;5;0;0;0;0;0;18;170;0;0;0;0;0;0;0;0;0;0;0;0;30
200;Medio;X;D;171;1171;1;0;0;0;0;0;18;171;0;0;0;0;0;0;0;0;0;0;0;0;30
200;Medio;X;D;172;1172;1;0;0;0;0;0;18;172;0;0;0;0;0;0;0;0;0;0;0;0;30
200;Medio;X;D;173;1173;1;0;0;0;0;0;18;173;0;0;0;0;0;0;0;0;0;0;0;0;30
200;Medio;X;D;174;1174;1;0;0;0;0;0;18;174;0;0;0;0;0;0;0;0;0;0;0;0;30
200;Medio;X;D;175;1175;5;0;0;0;0;0;18;175;0;0;0;0;0;0;0;0;0;0;0;0;30
200;Medio;X;D;176;1176;1;0;0;0;0;0;18;176;0;0;0;0;0;0;0;0;0;0;0;0;30
200;Medio;X;D;177;1177;1;0;0;0;0;0;18;177;0;0;0;0;0;0;0;0;0;0;0;0;30
200;Medio;X;D;178;1178;1;0;0;0;0;0;17;178;0;0;0;0;0;0;0;0;0;0;0;0;30
200;Medio;X;D;179;1179;1;0;0;0;0;0;17;179;0;0;0;0;0;0;0;0;0;0;0;0;30
200;Medio;X;D;180;1180;5;0;0;0;0;0;17;180;0;0;0;0;0;0;0;0;0;0;0;0;30
200;Medio;X;D;181;1181;9;0;0;0;0;0;17;181;0;0;0;0;0;0;0;0;0;0;0;0;30
200;Medio;X;D;182;1182;1;0;0;0;0;0;17;182;0;0;0;0;0;0;0;0;0;0;0;0;30
200;Medio;X;D;183;1183;1;0;0;0;0;0;17;183;0;0;0;0;0;0;0;0;0;0;0;0;30
200;Medio;X;D;184;1184;1;0;0;0;0;0;17;184;0;0;0;0;0;0;0;0;0;0;0;0;30
200;Medio;X;D;185;1185;1;0;0;0;0;0;17;185;0;0;0;0;0;0;0;0;0;0;0;0;30
200;Medio;X;D;186;1186;1;0;0;0;0;0;17;186;0;0;0;0;0;0;0;0;0;0;0;0;30
200;Medio;X;D;187;1187;5;0;0;0;0;0;17;187;0;0;0;0;0;0;0;0;0;0;0;0;30
200;Medio;X;D;188;1188;1;0;0;0;0;0;17;188;0;0;0;0;0;0;0;0;0;0;0;0;30
200;Medio;X;D;189;1189;1;0;0;0;0;0;17;189;0;0;0;0;0;0;0;0;0;0;0;0;30
200;Medio;X;D;190;1190;1;0;0;0;0;0;17;190;0;0;0;0;0;0;0;0;0;0;0;0;30
200;Medio;X;D;191;1191;1;0;0;0;0;0;17;191;0;0;0;0;0;0;0;0;0;0;0;0;30
200;Medio;X;D;192;1192;1;0;0;0;0;0;17;192;0;0;0;0;0;0;0;0;0;0;0;0;30
200;Medio;X;D;193;1193;9;0;0;0;0;0;17;193;0;0;0;0;0;0;0;0;0;0;0;0;30
200;Medio;X;D;194;1194;1;0;0;0;0;0;17;194;0;0;0;0;0;0;0;0;0;0;0;0;30
200;Medio;X;D;195;1195;1;0;0;0;0;0;17;195;0;0;0;0;0;0;0;0;0;0;0;0;30
200;Medio;X;D;196;1196;1;0;0;0;0;0;17;196;0;0;0;0;0;0;0;0;0;0;0;0;30
200;Medio;X;D;197;1197;9;0;0;0;0;0;17;197;0;0;0;0;0;0;0;0;0;0;0;0;30
200;Medio;X;D;198;1198;1;0;0;0;0;0;17;198;0;0;0;0;0;0;0;0;0;0;0;0;30
200;Medio;X;D;199;1199;1;0;0;0;0;0;17;199;0;0;0;0;0;0;0;0;0;0;0;0;30
200;Medio;X;D;200;1200;5;0;0;0;0;0;17;200;0;0;0;0;0;0;0;0;0;0;0;0;30
200;Medio;X;D;201;1201;1;0;0;0;0;0;17;201;0;0;0;0;0;0;0;0;0;0;0;0;30
200;Medio;X;D;202;1202;5;0;0;0;0;0;17;202;0;0;0;0;0;0;0;0;0;0;0;0;30
200;Medio;X;D;203;1203;1;0;0;0;0;0;16;203;0;0;0;0;0;0;0;0;0;0;0;0;30
200;Medio;X;D;204;1204;1;0;0;0;0;0;16;204;0;0;0;0;0;0;0;0;0;0;0;0;30
200;Medio;X;D;205;1205;5;0;0;0;0;0;16;205;0;0;0;0;0;0;0;0;0;0;0;0;30
200;Medio;X;D;206;1206;5;0;0;0;0;0;16;206;0;0;0;0;0;0;0;0;0;0;0;0;30
200;Medio;X;D;207;1207;5;0;0;0;0;0;16;207;0;0;0;0;0;0;0;0;0;0;0;0;30
200;Medio;X;D;208;1208;1;0;0;0;0;0;16;208;0;0;0;0;0;0;0;0;0;0;0;0;30
200;Medio;X;D;209;1209;5;0;0;0;0;0;16;209;0;0;0;0;0;0;0;0;0;0;0;0;30
200;Medio;X;D;210;1210;9;0;0;0;0;0;16;210;0;0;0;0;0;0;0;0;0;0;0;0;30
200;Medio;X;D;211;1211;5;0;0;0;0;0;16;211;0;0;0;0;0;0;0;0;0;0;0;0;30
200;Medio;X;D;212;1212;5;0;0;0;0;0;16;212;0;0;0;0;0;0;0;0;0;0;0;0;30
200;Medio;X;D;213;1213;1;0;0;0;0;0;16;213;0;0;0;0;0;0;0;0;0;0;0;0;30
200;Medio;X;D;214;1214;5;0;0;0;0;0;16;214;0;0;0;0;0;0;0;0;0;0;0;0;30
200;Medio;X;D;215;1215;1;0;0;0;0;0;16;215;0;0;0;0;0;0;0;0;0;0;0;0;30
200;Medio;X;D;216;1216;1;0;0;0;0;0;16;216;0;0;0;0;0;0;0;0;0;0;0;0;30
200;Medio;X;D;217;1217;1;0;0;0;0;0;16;217;0;0;0;0;0;0;0;0;0;0;0;0;30
200;Medio;X;D;218;1218;5;0;0;0;0;0;16;218;0;0;0;0;0;0;0;0;0;0;0;0;30
200;Medio;X;D;219;1219;9;0;0;0;0;0;16;219;0;0;0;0;0;0;0;0;0;0;0;0;30
200;Medio;X;D;220;1220;1;0;0;0;0;0;16;220;0;0;0;0;0;0;0;0;0;0;0;0;30
200;Medio;X;D;221;1221;5;0;0;0;0;0;16;221;0;0;0;0;0;0;0;0;0;0;0;0;30
200;Medio;X;D;222;1222;1;0;0;0;0;0;16;222;0;0;0;0;0;0;0;0;0;0;0;0;30
200;Medio;X;D;223;1223;1;0;0;0;0;0;16;223;0;0;0;0;0;0;0;0;0;0;0;0;30
200;Medio;X;D;224;1224;1;0;0;0;0;0;16;224;0;0;0;0;0;0;0;0;0;0;0;0;30
200;Medio;X;D;225;1225;1;0;0;0;0;0;16;225;0;0;0;0;0;0;0;0;0;0;0;0;30
200;Medio;X;D;226;1226;1;0;0;0;0;0;16;226;0;0;0;0;0;0;0;0;0;0;0;0;30
200;Medio;X;D;227;1227;1;0;0;0;0;0;16;227;0;0;0;0;0;0;0;0;0;0;0;0;30
200;Medio;X;D;228;1228;5;0;0;0;0;0;16;228;0;0;0;0;0;0;0;0;0;0;0;0;30
200;Medio;X;D;229;1229;5;0;0;0;0;0;16;229;0;0;0;0;0;0;0;0;0;0;0;0;30
200;Medio;X;D;230;1230;1;0;0;0;0;0;15;230;0;0;0;0;0;0;0;0;0;0;0;0;30
200;Medio;X;D;231;1231;9;0;0;0;0;0;15;231;0;0;0;0;0;0;0;0;0;0;0;0;30
200;Medio;X;D;232;1232;1;0;0;0;0;0;15;232;0;0;0;0;0;0;0;0;0;0;0;0;30
200;Medio;X;D;233;1233;1;0;0;0;0;0;15;233;0;0;0;0;0;0;0;0;0;0;0;0;30
200;Medio;X;D;234;1234;5;0;0;0;0;0;15;234;0;0;0;0;0;0;0;0;0;0;0;0;30
200;Medio;X;D;235;1235;1;0;0;0;0;0;15;235;0;0;0;0;0;0;0;0;0;0;0;0;30
200;Medio;X;D;236;1236;5;0;0;0;0;0;15;236;0;0;0;0;0;0;0;0;0;0;0;0;30
200;Medio;X;D;237;1237;5;0;0;0;0;0;15;237;0;0;0;0;0;0;0;0;0;0;0;0;30
200;Medio;X;D;238;1238;5;0;0;0;0;0;15;238;0;0;0;0;0;0;0;0;0;0;0;0;30
200;Medio;X;D;239;1239;1;0;0;0;0;0;15;239;0;0;0;0;0;0;0;0;0;0;0;0;30
200;Medio;X;D;240;1240;1;0;0;0;0;0;15;240;0;0;0;0;0;0;0;0;0;0;0;0;30
200;Medio;X;D;241;1241;1;0;0;0;0;0;15;241;0;0;0;0;0;0;0;0;0;0;0;0;30
200;Medio;X;D;242;1242;3;0;0;0;0;0;15;242;0;0;0;0;0;0;0;0;0;0;0;0;30
200;Medio;X;D;243;1243;9;0;0;0;0;0;15;243;0;0;0;0;0;0;0;0;0;0;0;0;30
200;Medio;X;D;244;1244;9;0;0;0;0;0;15;244;0;0;0;0;0;0;0;0;0;0;0;0;30
200;Medio;X;D;245;1245;5;0;0;0;0;0;15;245;0;0;0;0;0;0;0;0;0;0;0;0;30
200;Medio;X;D;246;1246;1;0;0;0;0;0;15;246;0;0;0;0;0;0;0;0;0;0;0;0;30
200;Medio;X;D;247;1247;1;0;0;0;0;0;15;247;0;0;0;0;0;0;0;0;0;0;0;0;30
200;Medio;X;D;248;1248;1;0;0;0;0;0;15;248;0;0;0;0;0;0;0;0;0;0;0;0;30
200;Medio;X;D;249;1249;1;0;0;0;0;0;15;249;0;0;0;0;0;0;0;0;0;0;0;0;30
200;Medio;X;D;250;1250;5;0;0;0;0;0;15;250;0;0;0;0;0;0;0;0;0;0;0;0;30
200;Medio;X;D;251;1251;5;0;0;0;0;0;15;251;0;0;0;0;0;0;0;0;0;0;0;0;30
200;Medio;X;D;252;1252;1;0;0;0;0;0;15;252;0;0;0;0;0;0;0;0;0;0;0;0;30
200;Medio;X;D;253;1253;1;0;0;0;0;0;15;253;0;0;0;0;0;0;0;0;0;0;0;0;30
200;Medio;X;D;254;1254;1;0;0;0;0;0;15;254;0;0;0;0;0;0;0;0;0;0;0;0;30
200;Medio;X;D;255;1255;1;0;0;0;0;0;15;255;0;0;0;0;0;0;0;0;0;0;0;0;30
200;Medio;X;D;256;1256;5;0;0;0;0;0;15;256;0;0;0;0;0;0;0;0;0;0;0;0;30
200;Medio;X;D;257;1257;1;0;0;0;0;0;15;257;0;0;0;0;0;0;0;0;0;0;0;0;30
200;Medio;X;D;258;1258;1;0;0;0;0;0;15;258;0;0;0;0;0;0;0;0;0;0;0;0;30
200;Medio;X;D;259;1259;5;0;0;0;0;0;15;259;0;0;0;0;0;0;0;0;0;0;0;0;30
200;Medio;X;D;260;1260;1;0;0;0;0;0;15;260;0;0;0;0;0;0;0;0;0;0;0;0;30
200;Medio;X;D;261;1261;1;0;0;0;0;0;15;261;0;0;0;0;0;0;0;0;0;0;0;0;30
200;Medio;X;D;262;1262;1;0;0;0;0;0;15;262;0;0;0;0;0;0;0;0;0;0;0;0;30
200;Medio;X;D;263;1263;1;0;0;0;0;0;15;263;0;0;0;0;0;0;0;0;0;0;0;0;30
200;Medio;X;D;264;1264;1;0;0;0;0;0;15;264;0;0;0;0;0;0;0;0;0;0;0;0;30
200;Medio;X;D;265;1265;4;0;0;0;0;0;15;265;0;0;0;0;0;0;0;0;0;0;0;0;30
200;Medio;X;D;266;1266;1;0;0;0;0;0;15;266;0;0;0;0;0;0;0;0;0;0;0;0;30
200;Medio;X;D;267;1267;3;0;0;0;0;0;15;267;0;0;0;0;0;0;0;0;0;0;0;0;30
200;Medio;X;D;268;1268;1;0;0;0;0;0;14;268;0;0;0;0;0;0;0;0;0;0;0;0;30
200;Medio;X;D;269;1269;1;0;0;0;0;0;14;269;0;0;0;0;0;0;0;0;0;0;0;0;30
200;Medio;X;D;270;1270;1;0;0;0;0;0;14;270;0;0;0;0;0;0;0;0;0;0;0;0;30
200;Medio;X;D;271;1271;5;0;0;0;0;0;14;271;0;0;0;0;0;0;0;0;0;0;0;0;30
200;Medio;X;D;272;1272;5;0;0;0;0;0;14;272;0;0;0;0;0;0;0;0;0;0;0;0;30
200;Medio;X;D;273;1273;5;0;0;0;0;0;14;273;0;0;0;0;0;0;0;0;0;0;0;0;30
200;Medio;X;D;274;1274;1;0;0;0;0;0;14;274;0;0;0;0;0;0;0;0;0;0;0;0;30
200;Medio;X;D;275;1275;1;0;0;0;0;0;14;275;0;0;0;0;0;0;0;0;0;0;0;0;30
200;Medio;X;D;276;1276;5;0;0;0;0;0;14;276;0;0;0;0;0;0;0;0;0;0;0;0;30
200;Medio;X;D;277;1277;1;0;0;0;0;0;14;277;0;0;0;0;0;0;0;0;0;0;0;0;30
200;Medio;X;D;278;1278;1;0;0;0;0;0;14;278;0;0;0;0;0;0;0;0;0;0;0;0;30
200;Medio;X;D;279;1279;1;0;0;0;0;0;14;279;0;0;0;0;0;0;0;0;0;0;0;0;30
200;Medio;X;D;280;1280;9;0;0;0;0;0;14;280;0;0;0;0;0;0;0;0;0;0;0;0;30
200;Medio;X;D;281;1281;1;0;0;0;0;0;14;281;0;0;0;0;0;0;0;0;0;0;0;0;30
200;Medio;X;D;282;1282;3;0;0;0;0;0;14;282;0;0;0;0;0;0;0;0;0;0;0;0;30
200;Medio;X;D;283;1283;5;0;0;0;0;0;14;283;0;0;0;0;0;0;0;0;0;0;0;0;30
200;Medio;X;D;284;1284;3;0;0;0;0;0;14;284;0;0;0;0;0;0;0;0;0;0;0;0;30
200;Medio;X;D;285;1285;1;0;0;0;0;0;14;285;0;0;0;0;0;0;0;0;0;0;0;0;30
200;Medio;X;D;286;1286;1;0;0;0;0;0;14;286;0;0;0;0;0;0;0;0;0;0;0;0;30
200;Medio;X;D;287;1287;1;0;0;0;0;0;14;287;0;0;0;0;0;0;0;0;0;0;0;0;30
200;Medio;X;D;288;1288;9;0;0;0;0;0;14;288;0;0;0;0;0;0;0;0;0;0;0;0;30
200;Medio;X;D;289;1289;1;0;0;0;0;0;14;289;0;0;0;0;0;0;0;0;0;0;0;0;30
200;Medio;X;D;290;1290;1;0;0;0;0;0;14;290;0;0;0;0;0;0;0;0;0;0;0;0;30
200;Medio;X;D;291;1291;1;0;0;0;0;0;14;291;0;0;0;0;0;0;0;0;0;0;0;0;30
200;Medio;X;D;292;1292;5;0;0;0;0;0;14;292;0;0;0;0;0;0;0;0;0;0;0;0;30
200;Medio;X;D;293;1293;9;0;0;0;0;0;13;293;0;0;0;0;0;0;0;0;0;0;0;0;30
200;Medio;X;D;294;1294;1;0;0;0;0;0;13;294;0;0;0;0;0;0;0;0;0;0;0;0;30
200;Medio;X;D;295;1295;9;0;0;0;0;0;13;295;0;0;0;0;0;0;0;0;0;0;0;0;30
200;Medio;X;D;296;1296;1;0;0;0;0;0;13;296;0;0;0;0;0;0;0;0;0;0;0;0;30
200;Medio;X;D;297;1297;1;0;0;0;0;0;13;297;0;0;0;0;0;0;0;0;0;0;0;0;30
200;Medio;X;D;298;1298;1;0;0;0;0;0;13;298;0;0;0;0;0;0;0;0;0;0;0;0;30
200;Medio;X;D;299;1299;5;0;0;0;0;0;13;299;0;0;0;0;0;0;0;0;0;0;0;0;30
200;Medio;X;D;300;1300;1;0;0;0;0;0;13;300;0;0;0;0;0;0;0;0;0;0;0;0;30
200;Medio;X;D;301;1301;9;0;0;0;0;0;13;301;0;0;0;0;0;0;0;0;0;0;0;0;30
200;Medio;X;D;302;1302;5;0;0;0;0;0;13;302;0;0;0;0;0;0;0;0;0;0;0;0;30
200;Medio;X;D;303;1303;1;0;0;0;0;0;13;303;0;0;0;0;0;0;0;0;0;0;0;0;30
200;Medio;X;D;304;1304;5;0;0;0;0;0;13;304;0;0;0;0;0;0;0;0;0;0;0;0;30
200;Medio;X;D;305;1305;3;0;0;0;0;0;13;305;0;0;0;0;0;0;0;0;0;0;0;0;30
200;Medio;X;D;306;1306;1;0;0;0;0;0;13;306;0;0;0;0;0;0;0;0;0;0;0;0;30
200;Medio;X;D;307;1307;1;0;0;0;0;0;13;307;0;0;0;0;0;0;0;0;0;0;0;0;30
200;Medio;X;D;308;1308;1;0;0;0;0;0;13;308;0;0;0;0;0;0;0;0;0;0;0;0;30
200;Medio;X;D;309;1309;1;0;0;0;0;0;13;309;0;0;0;0;0;0;0;0;0;0;0;0;30
200;Medio;X;D;310;1310;1;0;0;0;0;0;13;310;0;0;0;0;0;0;0;0;0;0;0;0;30
200;Medio;X;D;311;1311;1;0;0;0;0;0;13;311;0;0;0;0;0;0;0;0;0;0;0;0;30
200;Medio;X;D;312;1312;3;0;0;0;0;0;13;312;0;0;0;0;0;0;0;0;0;0;0;0;30
200;Medio;X;D;313;1313;5;0;0;0;0;0;13;313;0;0;0;0;0;0;0;0;0;0;0;0;30
200;Medio;X;D;314;1314;1;0;0;0;0;0;13;314;0;0;0;0;0;0;0;0;0;0;0;0;30
200;Medio;X;D;315;1315;1;0;0;0;0;0;13;315;0;0;0;0;0;0;0;0;0;0;0;0;30
200;Medio;X;D;316;1316;5;0;0;0;0;0;13;316;0;0;0;0;0;0;0;0;0;0;0;0;30
200;Medio;X;D;317;1317;1;0;0;0;0;0;13;317;0;0;0;0;0;0;0;0;0;0;0;0;30
200;Medio;X;D;318;1318;9;0;0;0;0;0;13;318;0;0;0;0;0;0;0;0;0;0;0;0;30
200;Medio;X;D;319;1319;1;0;0;0;0;0;13;319;0;0;0;0;0;0;0;0;0;0;0;0;30
200;Medio;X;D;320;1320;1;0;0;0;0;0;13;320;0;0;0;0;0;0;0;0;0;0;0;0;30
200;Medio;X;D;321;1321;1;0;0;0;0;0;13;321;0;0;0;0;0;0;0;0;0;0;0;0;30
200;Medio;X;D;322;1322;5;0;0;0;0;0;12;322;0;0;0;0;0;0;0;0;0;0;0;0;30
200;Medio;X;D;323;1323;1;0;0;0;0;0;12;323;0;0;0;0;0;0;0;0;0;0;0;0;30
200;Medio;X;D;324;1324;9;0;0;0;0;0;12;324;0;0;0;0;0;0;0;0;0;0;0;0;30
200;Medio;X;D;325;1325;1;0;0;0;0;0;12;325;0;0;0;0;0;0;0;0;0;0;0;0;30
200;Medio;X;D;326;1326;1;0;0;0;0;0;12;326;0;0;0;0;0;0;0;0;0;0;0;0;30
200;Medio;X;D;327;1327;9;0;0;0;0;0;12;327;0;0;0;0;0;0;0;0;0;0;0;0;30
200;Medio;X;D;328;1328;1;0;0;0;0;0;12;328;0;0;0;0;0;0;0;0;0;0;0;0;30
200;Medio;X;D;329;1329;1;0;0;0;0;0;12;329;0;0;0;0;0;0;0;0;0;0;0;0;30
200;Medio;X;D;330;1330;5;0;0;0;0;0;12;330;0;0;0;0;0;0;0;0;0;0;0;0;30
200;Medio;X;D;331;1331;1;0;0;0;0;0;12;331;0;0;0;0;0;0;0;0;0;0;0;0;30
200;Medio;X;D;332;1332;1;0;0;0;0;0;12;332;0;0;0;0;0;0;0;0;0;0;0;0;30
200;Medio;X;D;333;1333;5;0;0;0;0;0;12;333;0;0;0;0;0;0;0;0;0;0;0;0;30
200;Medio;X;D;334;1334;1;0;0;0;0;0;12;334;0;0;0;0;0;0;0;0;0;0;0;0;30
200;Medio;X;D;335;1335;1;0;0;0;0;0;12;335;0;0;0;0;0;0;0;0;0;0;0;0;30
200;Medio;X;D;336;1336;3;0;0;0;0;0;12;336;0;0;0;0;0;0;0;0;0;0;0;0;30
200;Medio;X;D;337;1337;1;0;0;0;0;0;11;337;0;0;0;0;0;0;0;0;0;0;0;0;30
200;Medio;X;D;338;1338;9;0;0;0;0;0;11;338;0;0;0;0;0;0;0;0;0;0;0;0;30
200;Medio;X;D;339;1339;1;0;0;0;0;0;11;339;0;0;0;0;0;0;0;0;0;0;0;0;30
200;Medio;X;D;340;1340;1;0;0;0;0;0;11;340;0;0;0;0;0;0;0;0;0;0;0;0;30
200;Medio;X;D;341;1341;2;0;0;0;0;0;11;341;0;0;0;0;0;0;0;0;0;0;0;0;30
200;Medio;X;D;342;1342;1;0;0;0;0;0;11;342;0;0;0;0;0;0;0;0;0;0;0;0;30
200;Medio;X;D;343;1343;1;0;0;0;0;0;11;343;0;0;0;0;0;0;0;0;0;0;0;0;30
200;Medio;X;D;344;1344;9;0;0;0;0;0;11;344;0;0;0;0;0;0;0;0;0;0;0;0;30
200;Medio;X;D;345;1345;1;0;0;0;0;0;11;345;0;0;0;0;0;0;0;0;0;0;0;0;30
200;Medio;X;D;346;1346;1;0;0;0;0;0;11;346;0;0;0;0;0;0;0;0;0;0;0;0;30
200;Medio;X;D;347;1347;1;0;0;0;0;0;11;347;0;0;0;0;0;0;0;0;0;0;0;0;30
200;Medio;X;D;348;1348;1;0;0;0;0;0;11;348;0;0;0;0;0;0;0;0;0;0;0;0;30
200;Medio;X;D;349;1349;1;0;0;0;0;0;11;349;0;0;0;0;0;0;0;0;0;0;0;0;30
200;Medio;X;D;350;1350;5;0;0;0;0;0;11;350;0;0;0;0;0;0;0;0;0;0;0;0;30
200;Medio;X;D;351;1351;9;0;0;0;0;0;11;351;0;0;0;0;0;0;0;0;0;0;0;0;30
200;Medio;X;D;352;1352;1;0;0;0;0;0;11;352;0;0;0;0;0;0;0;0;0;0;0;0;30
200;Medio;X;D;353;1353;9;0;0;0;0;0;11;353;0;0;0;0;0;0;0;0;0;0;0;0;30
200;Medio;X;D;354;1354;3;0;0;0;0;0;11;354;0;0;0;0;0;0;0;0;0;0;0;0;30
200;Medio;X;D;355;1355;1;0;0;0;0;0;11;355;0;0;0;0;0;0;0;0;0;0;0;0;30
200;Medio;X;D;356;1356;3;0;0;0;0;0;11;356;0;0;0;0;0;0;0;0;0;0;0;0;30
200;Medio;X;D;357;1357;5;0;0;0;0;0;11;357;0;0;0;0;0;0;0;0;0;0;0;0;30
200;Medio;X;D;358;1358;9;0;0;0;0;0;10;358;0;0;0;0;0;0;0;0;0;0;0;0;30
200;Medio;X;D;359;1359;3;0;0;0;0;0;10;359;0;0;0;0;0;0;0;0;0;0;0;0;30
200;Medio;X;D;360;1360;1;0;0;0;0;0;10;360;0;0;0;0;0;0;0;0;0;0;0;0;30
200;Medio;X;D;361;1361;1;0;0;0;0;0;10;361;0;0;0;0;0;0;0;0;0;0;0;0;30
200;Medio;X;D;362;1362;9;0;0;0;0;0;10;362;0;0;0;0;0;0;0;0;0;0;0;0;30
200;Medio;X;D;363;1363;9;0;0;0;0;0;10;363;0;0;0;0;0;0;0;0;0;0;0;0;30
200;Medio;X;D;364;1364;5;0;0;0;0;0;10;364;0;0;0;0;0;0;0;0;0;0;0;0;30
200;Medio;X;D;365;1365;7;0;0;0;0;0;10;365;0;0;0;0;0;0;0;0;0;0;0;0;30
200;Medio;X;D;366;1366;9;0;0;0;0;0;10;366;0;0;0;0;0;0;0;0;0;0;0;0;30
200;Medio;X;D;367;1367;1;0;0;0;0;0;10;367;0;0;0;0;0;0;0;0;0;0;0;0;30
200;Medio;X;D;368;1368;3;0;0;0;0;0;10;368;0;0;0;0;0;0;0;0;0;0;0;0;30
200;Medio;X;D;369;1369;7;0;0;0;0;0;10;369;0;0;0;0;0;0;0;0;0;0;0;0;30
200;Medio;X;D;370;1370;5;0;0;0;0;0;10;370;0;0;0;0;0;0;0;0;0;0;0;0;30
200;Medio;X;D;371;1371;5;0;0;0;0;0;9;371;0;0;0;0;0;0;0;0;0;0;0;0;30
200;Medio;X;D;372;1372;3;0;0;0;0;0;9;372;0;0;0;0;0;0;0;0;0;0;0;0;30
200;Medio;X;D;373;1373;1;0;0;0;0;0;9;373;0;0;0;0;0;0;0;0;0;0;0;0;30
200;Medio;X;D;374;1374;1;0;0;0;0;0;9;374;0;0;0;0;0;0;0;0;0;0;0;0;30
200;Medio;X;D;375;1375;1;0;0;0;0;0;9;375;0;0;0;0;0;0;0;0;0;0;0;0;30
200;Medio;X;D;376;1376;1;0;0;0;0;0;9;376;0;0;0;0;0;0;0;0;0;0;0;0;30
200;Medio;X;D;377;1377;1;0;0;0;0;0;9;377;0;0;0;0;0;0;0;0;0;0;0;0;30
200;Medio;X;D;378;1378;1;0;0;0;0;0;8;378;0;0;0;0;0;0;0;0;0;0;0;0;30
200;Medio;X;D;379;1379;5;0;0;0;0;0;8;379;0;0;0;0;0;0;0;0;0;0;0;0;30
200;Medio;X;D;380;1380;9;0;0;0;0;0;8;380;0;0;0;0;0;0;0;0;0;0;0;0;30
200;Medio;X;D;381;1381;5;0;0;0;0;0;8;381;0;0;0;0;0;0;0;0;0;0;0;0;30
200;Medio;X;D;382;1382;1;0;0;0;0;0;8;382;0;0;0;0;0;0;0;0;0;0;0;0;30
200;Medio;X;D;383;1383;1;0;0;0;0;0;8;383;0;0;0;0;0;0;0;0;0;0;0;0;30
200;Medio;X;D;384;1384;9;0;0;0;0;0;8;384;0;0;0;0;0;0;0;0;0;0;0;0;30
200;Medio;X;D;385;1385;1;0;0;0;0;0;8;385;0;0;0;0;0;0;0;0;0;0;0;0;30
200;Medio;X;D;386;1386;1;0;0;0;0;0;7;386;0;0;0;0;0;0;0;0;0;0;0;0;30
200;Medio;X;D;387;1387;1;0;0;0;0;0;6;387;0;0;0;0;0;0;0;0;0;0;0;0;30
200;Medio;X;D;388;1388;1;0;0;0;0;0;5;388;0;0;0;0;0;0;0;0;0;0;0;0;30
200;Medio;X;D;389;1389;9;0;0;0;0;0;4;389;0;0;0;0;0;0;0;0;0;0;0;0;30
